Title,Post URL,Created At
"This 20-year-old scammed someone of 4,100 BTC ($402M) and then bought 31 supercars, $2M watch, spent $569k in one night at a club, also gave away 5 Hermes Birkin bags to random ladies at the club.",/r/CryptoCurrency/comments/1ij8cid/this_20yearold_scammed_someone_of_4100_btc_402m/,2025-02-07 01:39:45
Me In 2009 Instead of Buying Bitcoin (BTC),/r/CryptoCurrency/comments/1iq3fe9/me_in_2009_instead_of_buying_bitcoin_btc/,2025-02-15 23:13:54
"This 12-year-old Kid ‚ÄúErik Finman‚Äù in Idaho bought 83 BTC back in 2011, Instead of spending his $1,000 gift from his grandmother on video games or toys, he leaped into the unknown and bought Bitcoin.",/r/CryptoCurrency/comments/1iu0mj6/this_12yearold_kid_erik_finman_in_idaho_bought_83/,2025-02-20 23:08:27
"Latest Proposal‚Ä¢ US Gov to Buy 200,000 BTC annually for 5 years ‚Ä¢ Hold for at least 20 years ‚Ä¢ Goal: Halve the U.S. national debt in 20 years",/r/CryptoCurrency/comments/1icaohe/latest_proposal_us_gov_to_buy_200000_btc_annually/,2025-01-29 03:58:31
"That moment when, the US says they're not buying BTC for their Strategic Federal Reserve and the market crashes.",/r/CryptoCurrency/comments/1j5bwv7/that_moment_when_the_us_says_theyre_not_buying/,2025-03-07 09:29:18
"Satoshi Era Bitcoin Whale moved 2,000 BTC for the First Time Since 2010, he held from $0.06 to $90,000",/r/CryptoCurrency/comments/1gs7eb9/satoshi_era_bitcoin_whale_moved_2000_btc_for_the/,2024-11-16 05:36:10
"A solo miner today mined a Bitcoin Block all by himself, claiming 3.195 BTC ($311,432) in reward.",/r/CryptoCurrency/comments/1hk1y03/a_solo_miner_today_mined_a_bitcoin_block_all_by/,2024-12-23 00:30:21
A Guy got paid 32 BTC to wear that hat and hold that sign on a busy street in 2011,/r/CryptoCurrency/comments/1hvk2sl/a_guy_got_paid_32_btc_to_wear_that_hat_and_hold/,2025-01-07 13:08:47
"Ledger Co-Founder's kidnapping is a brutal reminder to be very careful about your security as a public crypto person, Kidnappers demanded 100 BTC ($10M) ransom and send one of David‚Äôs severed fingers as proof.",/r/CryptoCurrency/comments/1i8x3fm/ledger_cofounders_kidnapping_is_a_brutal_reminder/,2025-01-24 22:50:41
"Eric Trump and Donald J. Trump Jr. Unveil ""American Bitcoin"" ‚Äì The Trumps Go All-In on BTC Mining & Reserve",/r/CryptoCurrency/comments/1jp4fer/eric_trump_and_donald_j_trump_jr_unveil_american/,2025-04-02 03:28:16
Ethereum falls to 4-year low against Bitcoin as BTC breaks above $94k,/r/CryptoCurrency/comments/1gvqpad/ethereum_falls_to_4year_low_against_bitcoin_as/,2024-11-20 22:27:25
"Bitcoin Founder Satoshi Nakamoto Overtook Michael Bloomberg As 16th Richest Person When BTC Hit $106k, Closed In On Bill Gates",/r/CryptoCurrency/comments/1hghckg/bitcoin_founder_satoshi_nakamoto_overtook_michael/,2024-12-18 02:33:22
World's Largest Bitcoin (BTC) Mine Nears Completion: Riot Blockchain's 1-Gigawatt Facility in Texas,/r/CryptoCurrency/comments/1hufx0t/worlds_largest_bitcoin_btc_mine_nears_completion/,2025-01-06 04:08:18
"Sold 160 BTC for $0.003 cents each, on this day in 2010. The lowest sale price in history ‚ú®",/r/CryptoCurrency/comments/1iur8nz/sold_160_btc_for_0003_cents_each_on_this_day_in/,2025-02-21 21:45:47
"11 years ago today, Cameron and Tyler Winklevoss spent 750 BTC ($60 million) on 2 tickets to space. They've still never been to space üíÄ",/r/CryptoCurrency/comments/1j38djx/11_years_ago_today_cameron_and_tyler_winklevoss/,2025-03-04 19:06:53
Someone Just Moved 50 Bitcoin (BTC) Mined 15 Years Ago - HODL'ed from $0.10 to $100K. Who of You Just Got Out of Prison?,/r/CryptoCurrency/comments/1ihc8ij/someone_just_moved_50_bitcoin_btc_mined_15_years/,2025-02-04 15:18:55
Bitcoin (BTC) is always boring before it goes parabolic,/r/CryptoCurrency/comments/1hxogvz/bitcoin_btc_is_always_boring_before_it_goes/,2025-01-10 05:58:30
"El Salvador Continues to Purchase 1 Bitcoin Every Single day, Since President Nayib Bukele Announced on 16 Nov 2022, total holdings stand at staggering 5.948k BTC ($568M).",/r/CryptoCurrency/comments/1h1vc49/el_salvador_continues_to_purchase_1_bitcoin_every/,2024-11-28 20:54:39
"MicroStrategy acquires 15,350 BTC ahead of Nasdaq-100 listing",/r/CryptoCurrency/comments/1hfkbx3/microstrategy_acquires_15350_btc_ahead_of/,2024-12-16 22:30:12
"I'm buying ETH, because I believe ETH will hit $10K before BTC hits $100k and other traps we told ourselves in 2021",/r/CryptoCurrency/comments/1gxiuct/im_buying_eth_because_i_believe_eth_will_hit_10k/,2024-11-23 05:26:55
"‚ú® 11 years ago today, this man was begging you to buy BTC. That $1 would be worth $50k",/r/CryptoCurrency/comments/1cn23pn/11_years_ago_today_this_man_was_begging_you_to/,2024-05-08 19:21:54
Bitcoin Price (BTC) Falls to $80K,/r/CryptoCurrency/comments/1j7ngj0/bitcoin_price_btc_falls_to_80k/,2025-03-10 09:37:56
"Ancient Bitcoin Whale transfers 357.4 BTC after 11yrs, he received these BTC back in 2014 when price was around $1k, the current value skyrocketed to $33.97M.",/r/CryptoCurrency/comments/1hp07h0/ancient_bitcoin_whale_transfers_3574_btc_after/,2024-12-30 00:58:59
"U.S. Government has started to move $33.6M worth of ETH, BUSD, SHIB and other coins to a New Wallet, they also continue to hold mammoth of 198.1k BTC ($18.92B).",/r/CryptoCurrency/comments/1h5xmfi/us_government_has_started_to_move_336m_worth_of/,2024-12-04 04:43:11
"Bitcoin (BTC) Block 888737 Mined By a Home Miner With Only 4 Machines - Turned $2,500 Into $250k",/r/CryptoCurrency/comments/1jlcobj/bitcoin_btc_block_888737_mined_by_a_home_miner/,2025-03-28 04:25:01
"Ancient Bitcoin Whale who mined thousands of BTC, starting only 5 days after the first block in 2009 Sold USD 9.68M BTC in total and has USD 72.09M BTC remaining",/r/CryptoCurrency/comments/1gdavyp/ancient_bitcoin_whale_who_mined_thousands_of_btc/,2024-10-27 21:24:36
Why are there so few active users when BTC is at 90k+? It makes no sense. Are we that early in the bullrun?,/r/CryptoCurrency/comments/1gqexix/why_are_there_so_few_active_users_when_btc_is_at/,2024-11-13 23:06:22
"The First Bitcoin Kid: 12-Year-Old Explained BTC at $8 in 2011‚ÄîNearly 14 Years Later, He Revisits His Predictions",/r/CryptoCurrency/comments/1iqv5nw/the_first_bitcoin_kid_12yearold_explained_btc_at/,2025-02-16 23:54:33
"Bitcoin has never retraced below its election-day price after the results are in, Historically BTC explodes post-U.S. elections, often going parabolic.",/r/CryptoCurrency/comments/1gjclaf/bitcoin_has_never_retraced_below_its_electionday/,2024-11-04 20:03:00
"Bitcoin Whale Dormant Since 2016 Moves $250,000,000 Worth of BTC After 83x Gains",/r/CryptoCurrency/comments/1jiuh3c/bitcoin_whale_dormant_since_2016_moves_250000000/,2025-03-25 00:12:15
"The ETH to BTC Ratio just flash crashed to .02337, a lows not seen since January 2021.",/r/CryptoCurrency/comments/1igeysk/the_eth_to_btc_ratio_just_flash_crashed_to_02337/,2025-02-03 10:45:47
"‚ú® 50 Cent accepting Bitcoin for his new album, 10 years ago in 2014. He earned 700 BTC ‚ÄºÔ∏è",/r/CryptoCurrency/comments/1d6d7lt/50_cent_accepting_bitcoin_for_his_new_album_10/,2024-06-02 21:22:29
Senator Cynthia Lummis Urges US to Add Bitcoin (BTC) to Reserves: 'A Bitcoin Reserve Could Be Audited 24/7 with a Basic Computer',/r/CryptoCurrency/comments/1iqwoos/senator_cynthia_lummis_urges_us_to_add_bitcoin/,2025-02-17 01:00:16
Someone Paid $790K in Fees to Transfer $13K in Bitcoin (BTC)... Ouch!,/r/CryptoCurrency/comments/1hidtys/someone_paid_790k_in_fees_to_transfer_13k_in/,2024-12-20 14:32:06
"MicroStrategy has Acquired Another 15,400 BTC for $1.5 Billion. They Now hold 402,100 BTC Acquired for $23.4 Billion, Saylor quotes ‚ÄúThe only thing better than Bitcoin is more Bitcoin‚Äù.",/r/CryptoCurrency/comments/1h4uxbt/microstrategy_has_acquired_another_15400_btc_for/,2024-12-02 21:27:12
"MicroStrategy acquires 2,530 more BTC for $243 million",/r/CryptoCurrency/comments/1i0di6w/microstrategy_acquires_2530_more_btc_for_243/,2025-01-13 21:05:55
"El Salvador‚Äôs Bitcoin Bet Paid Off: 3 Years After Legalizing BTC, Nation‚Äôs 5942 BTC Holdings Now Valued at $581M",/r/CryptoCurrency/comments/1gx8l9y/el_salvadors_bitcoin_bet_paid_off_3_years_after/,2024-11-22 22:05:41
"January 19, 2016 - R.I.P. Bitcoin: It's Time to Move On. BTC Price: $400",/r/CryptoCurrency/comments/1i3nfh9/january_19_2016_rip_bitcoin_its_time_to_move_on/,2025-01-18 02:41:58
"Bitcoin whale donates 8 BTC to Julian Assange, covers private jet costs ",/r/CryptoCurrency/comments/1dp79zv/bitcoin_whale_donates_8_btc_to_julian_assange/,2024-06-27 03:30:45
BTC hit $50K USD,/r/CryptoCurrency/comments/1ap3p7a/btc_hit_50k_usd/,2024-02-13 00:16:33
"Dormant Bitcoin Whale transfers 2,700 BTC, he received bitcoins back in 2013 when price was only $625, the current value skyrocketed to $277M almost 15,300% gain.",/r/CryptoCurrency/comments/1h75jfc/dormant_bitcoin_whale_transfers_2700_btc_he/,2024-12-05 17:40:32
"Bitcoin Address Wakes Up After Lying Low for Over 12 Years, Moves $35,843,512 in BTC at 1,667,815% Profit",/r/CryptoCurrency/comments/1gwft5j/bitcoin_address_wakes_up_after_lying_low_for_over/,2024-11-21 21:05:35
ETH crashes to four-year low against BTC,/r/CryptoCurrency/comments/1jmppue/eth_crashes_to_fouryear_low_against_btc/,2025-03-30 00:11:41
"Blackrock Now Holds Number 3 Spot among Top Bitcoin Holders with 429,112 BTC after a Staggering Purchase of 12,127 BTC in a Single Day",/r/CryptoCurrency/comments/1gh35ss/blackrock_now_holds_number_3_spot_among_top/,2024-11-01 19:29:56
"In 2018 Peter Schiff Advised Not to Buy BTC at $3800 Because He Believed that Even falling another 80% to $750, it Would Still be Expensive. ",/r/CryptoCurrency/comments/1frddar/in_2018_peter_schiff_advised_not_to_buy_btc_at/,2024-09-28 20:38:48
Not a single top 100 Alt from 2021/2022 has hit a new ATH against BTC. ,/r/CryptoCurrency/comments/1hbhsgx/not_a_single_top_100_alt_from_20212022_has_hit_a/,2024-12-11 09:15:44
"BlackRock Buys Another $1,000,000,000 Worth of Bitcoin in a Week To Control 2.7% of BTC Supply - The Daily Hodl",/r/CryptoCurrency/comments/1ic0vfr/blackrock_buys_another_1000000000_worth_of/,2025-01-28 20:53:33
Trump may use Bitcoin as US reserve asset on 'day one' ‚Äî¬†How high will BTC price go?,/r/CryptoCurrency/comments/1hg801s/trump_may_use_bitcoin_as_us_reserve_asset_on_day/,2024-12-17 18:43:34
"US Government deposited 10,000 BTC ($540M) to Coinbase 11 hours ago.",/r/CryptoCurrency/comments/1esksw7/us_government_deposited_10000_btc_540m_to/,2024-08-15 11:09:00
"MicroStrategy has acquired 2,138 Bitcoin for $209 million dollars and now holds a total of 446,400 BTC",/r/CryptoCurrency/comments/1hpmt6a/microstrategy_has_acquired_2138_bitcoin_for_209/,2024-12-30 21:05:05
"At the time of Ross Ulbricht's arrest, his personal wallet was confiscated. It Held 144,000 BTC",/r/CryptoCurrency/comments/1i7yesl/at_the_time_of_ross_ulbrichts_arrest_his_personal/,2025-01-23 15:51:56
"11 Years ago, Michael Saylor compared Bitcoin to online gambling, today Saylor‚Äôs MicroStrategy owns 444,262 BTC worth $27.7B.",/r/CryptoCurrency/comments/1hlkkqa/11_years_ago_michael_saylor_compared_bitcoin_to/,2024-12-25 03:23:25
MicroStrategy's stock dives 20% after short-seller says 'volume has completely detached from BTC fundamentals',/r/CryptoCurrency/comments/1gwrjg2/microstrategys_stock_dives_20_after_shortseller/,2024-11-22 05:58:08
"US Crypto Czar Slams US Bitcoin Sales: ""They Sold 195,000 BTC for $366M - Now Worth Over $17B""",/r/CryptoCurrency/comments/1j4wcry/us_crypto_czar_slams_us_bitcoin_sales_they_sold/,2025-03-06 22:13:50
"MicroStrategy now owns 2% of all Bitcoins that will ever exist after purchasing additional 21,550 Bitcoins for $2 billion, total holdings stand at 423,650 BTC acquired for $25.6 Billion.",/r/CryptoCurrency/comments/1haa9o7/microstrategy_now_owns_2_of_all_bitcoins_that/,2024-12-09 21:57:11
"MicroStrategy purchases another 11,000 BTC at $101,191 per Bitcoin",/r/CryptoCurrency/comments/1i6if3w/microstrategy_purchases_another_11000_btc_at/,2025-01-21 21:20:38
Michael Saylor Reveals MicroStrategy Is 'Making $500M A Day' With Bitcoin: 'May Very Well Be The Most Profitable Company In The US Growing The Fastest Right Now' - Grayscale Bitcoin Mini Trust (BTC) Common units of fractional undivided beneficial interest (ARCA:BTC),/r/CryptoCurrency/comments/1gxz76q/michael_saylor_reveals_microstrategy_is_making/,2024-11-23 21:06:03
"Mega Whale Resurfaces: 1,000 Vintage Bitcoins From 2010 Moved as BTC Peaked at $69,210 ",/r/CryptoCurrency/comments/1b7sns4/mega_whale_resurfaces_1000_vintage_bitcoins_from/,2024-03-06 14:15:10
"Jim Cramer said ‚ÄúUnlikely that Bitcoin finds its footing‚Äù at the beginning of 2024, BTC was $39,556, Since then BTC skyrocketed to $99,500 almost 155% gain.",/r/CryptoCurrency/comments/1h2lv91/jim_cramer_said_unlikely_that_bitcoin_finds_its/,2024-11-29 21:33:11
BTC is down 1.6% over the last 7 days but Alts are experiencing a blood bath.,/r/CryptoCurrency/comments/1c2i0vv/btc_is_down_16_over_the_last_7_days_but_alts_are/,2024-04-13 03:31:28
2024 Bitcoin Price Prediction Game - Guess what the price of BTC will be on Dec 31 2024 and you could win a loaded 0.0025 BTC collectible (or 0.0025 BTC) and 1000 MOON,/r/CryptoCurrency/comments/1apqlcf/2024_bitcoin_price_prediction_game_guess_what_the/,2024-02-13 18:43:40
This Is Actually Wild To See - Bitcoin (BTC) Is Decoupling In Real-Time For The First Time Ever!,/r/CryptoCurrency/comments/1jrjwbh/this_is_actually_wild_to_see_bitcoin_btc_is/,2025-04-05 03:06:58
The Greyscale BTC trust has started to offload with the first 4000 BTC. This is probably why BTC is falling in price right now.,/r/CryptoCurrency/comments/194zv54/the_greyscale_btc_trust_has_started_to_offload/,2024-01-13 00:59:42
Bitcoin (BTC) Holders VS Ethereum (ETH) Holders,/r/CryptoCurrency/comments/1iktujx/bitcoin_btc_holders_vs_ethereum_eth_holders/,2025-02-09 02:23:08
Btc to 40K!,/r/CryptoCurrency/comments/18a5xgu/btc_to_40k/,2023-12-04 06:59:23
"Strategy buys another 20,356 bitcoin for $2 billion as its total holdings reach 499,096 BTC",/r/CryptoCurrency/comments/1ix2lui/strategy_buys_another_20356_bitcoin_for_2_billion/,2025-02-24 21:57:08
"Buttcoiners are coping hard since Bitcoin crossed $100k, they still fail to understand BTC so never ending hate continues",/r/CryptoCurrency/comments/1h9o6ve/buttcoiners_are_coping_hard_since_bitcoin_crossed/,2024-12-09 01:42:22
"United States is the country with largest Bitcoin holdings, with its government holding around 200k BTC, Bhutan‚Äôs 11,688 BTC comes entirely from BTC Mining, Germany only holds $689 worth of BTC",/r/CryptoCurrency/comments/1hm555c/united_states_is_the_country_with_largest_bitcoin/,2024-12-26 01:41:05
"If people who created Buttcoin sub on the day they created it decided to invest $100 in Bitcoin instead that day and not sell, they would have $211k worth of BTC now",/r/CryptoCurrency/comments/12vma5t/if_people_who_created_buttcoin_sub_on_the_day/,2023-04-23 06:44:30
Bitcoin ETFs are sucking up 10X more BTC than miners can produce,/r/CryptoCurrency/comments/1apnrqx/bitcoin_etfs_are_sucking_up_10x_more_btc_than/,2024-02-13 15:21:36
Why would MicroStrategy purchase additional 50% of their BTC holding at the peak? Are they leveraging / borrowing?,/r/CryptoCurrency/comments/1gzx1qv/why_would_microstrategy_purchase_additional_50_of/,2024-11-26 07:15:48
Bitcoin whale bets $368M with 40x leverage on BTC decline ahead of FOMC,/r/CryptoCurrency/comments/1jcntbe/bitcoin_whale_bets_368m_with_40x_leverage_on_btc/,2025-03-16 23:22:06
"I simulated buying 1 BTC whenever Ivan on Tech had ""BUY"" in his livestream thumbnail",/r/CryptoCurrency/comments/1dvrv2m/i_simulated_buying_1_btc_whenever_ivan_on_tech/,2024-07-05 15:01:34
"TIL This man has 7,002 BTC in a password-protected hard drive and lost the password to it. He has 2 tries left before the hard drive encrypts itself and the BTC is lost forever.",/r/CryptoCurrency/comments/15rnc7x/til_this_man_has_7002_btc_in_a_passwordprotected/,2023-08-15 17:08:32
"The BlackRock Bitcoin spot ETF exceeds 200,000 BTC",/r/CryptoCurrency/comments/1bdmuob/the_blackrock_bitcoin_spot_etf_exceeds_200000_btc/,2024-03-13 17:02:57
"Bitcoin completes its fourth halving, block rewards now stand at 3.125 BTC",/r/CryptoCurrency/comments/1c8j3pe/bitcoin_completes_its_fourth_halving_block/,2024-04-20 14:25:06
"Bitcoin Critic Peter Schiff who sees BTC as resembling the tulip mania bubble, responds to Michael Saylor‚Äôs $100k BTC Party Comment with ‚ÄúAm I Invited?‚Äù.",/r/CryptoCurrency/comments/1gr6gbo/bitcoin_critic_peter_schiff_who_sees_btc_as/,2024-11-14 22:50:30
"Bitcoin Address Springs to Life After Hibernating for 12+ Years, Moves $11,756,205 in BTC at 700,854% Profit",/r/CryptoCurrency/comments/1ginccn/bitcoin_address_springs_to_life_after_hibernating/,2024-11-03 21:53:42
Tarrifs resulting in BTC bump?,/r/CryptoCurrency/comments/1ifimym/tarrifs_resulting_in_btc_bump/,2025-02-02 06:48:09
"$711,340,000 Liquidated As Bitcoin (BTC) Rips Past $93,000 in Historic Rally",/r/CryptoCurrency/comments/1gqkvkb/711340000_liquidated_as_bitcoin_btc_rips_past/,2024-11-14 03:13:14
"Over $10 million in BTC was sent in 1 transaction this morning, and it cost the sender $5",/r/CryptoCurrency/comments/12y32xa/over_10_million_in_btc_was_sent_in_1_transaction/,2023-04-25 09:02:12
"12 years today, someone spent 1.6 BTC ($110k) for a picture of Michael Jackson on a cracker. Alive but dead inside üíÄ",/r/CryptoCurrency/comments/1gh2bb8/12_years_today_someone_spent_16_btc_110k_for_a/,2024-11-01 18:34:18
Greyscale just moved another 760 million worth of BTC to Coinbase. With their monster stack of 525k BTC can they prevent a bull market in 2024? Why do they keep selling on Coinbase instead of OTC?,/r/CryptoCurrency/comments/19engv4/greyscale_just_moved_another_760_million_worth_of/,2024-01-25 02:32:01
"So let me get this straight, now that we're on the verge of a massive bull run and BTC is already north of 40K, a bunch of 'investors' pop up and start asking if it's the right time to yolo all in?",/r/CryptoCurrency/comments/18bs47l/so_let_me_get_this_straight_now_that_were_on_the/,2023-12-06 09:17:54
Mods are Giving away 1k Moons to celebrate $69K BTC and the Upcoming Formation of a Moon Dao.,/r/CryptoCurrency/comments/1b7albm/mods_are_giving_away_1k_moons_to_celebrate_69k/,2024-03-06 01:11:47
"Bitcoin (BTC) Crosses $47,000 as ""Year of the Dragon"" Starts",/r/CryptoCurrency/comments/1amnnxw/bitcoin_btc_crosses_47000_as_year_of_the_dragon/,2024-02-09 21:02:49
"BlackRock Drains 13 Days‚Äô BTC Worth, Triggering Supply Crunch Worries",/r/CryptoCurrency/comments/196b8dy/blackrock_drains_13_days_btc_worth_triggering/,2024-01-14 16:26:59
Liquidations Shoot Above $1 Billion as Bitcoin (BTC) Breaks Down to $90K,/r/CryptoCurrency/comments/1ixpfrh/liquidations_shoot_above_1_billion_as_bitcoin_btc/,2025-02-25 15:27:33
"'Red Star' microdot acid tabs, sold for 7.75 BTC exactly 13 years ago. A $500,000 trip today ‚ú®",/r/CryptoCurrency/comments/1d4segd/red_star_microdot_acid_tabs_sold_for_775_btc/,2024-05-31 18:28:43
"Rare photo of an early Bitcoin order book, taken exactly 13 years ago. 25 BTC cost $100 ‚ú®
",/r/CryptoCurrency/comments/1fkilf6/rare_photo_of_an_early_bitcoin_order_book_taken/,2024-09-19 19:34:11
"MicroStrategy Acquires 51,780 BTC and achieves BTC Yield of 20.4% QTD and 41.8% YTD - Now Holds 331,200 BTC",/r/CryptoCurrency/comments/1gu4ib6/microstrategy_acquires_51780_btc_and_achieves_btc/,2024-11-18 21:19:19
"Texas Bitcoin Reserve Bill ""Expected to Pass Committee"" After 1st Hearing - It Could Be the 1st State to Buy BTC",/r/CryptoCurrency/comments/1it5i9q/texas_bitcoin_reserve_bill_expected_to_pass/,2025-02-19 21:30:23
"MicroStrategy buys $37M Bitcoin bringing holdings to 190,000 BTC",/r/CryptoCurrency/comments/1akq223/microstrategy_buys_37m_bitcoin_bringing_holdings/,2024-02-07 08:52:36
Michael Saylor is preparing to buy even more BTC,/r/CryptoCurrency/comments/1hzn2b4/michael_saylor_is_preparing_to_buy_even_more_btc/,2025-01-12 21:50:17
‚ÄòFifth Richest‚Äô Bitcoin Whale Just Moved $6 Billion in BTC,/r/CryptoCurrency/comments/1boewlc/fifth_richest_bitcoin_whale_just_moved_6_billion/,2024-03-27 02:20:02
"Just over two years ago the most expensive Reddit Collectible Avatar sale occurred for 30 ETH, an equivalent of 2.1 BTC at the time of the sale - a $206,000 mistake today. ",/r/CryptoCurrency/comments/1gz9yc2/just_over_two_years_ago_the_most_expensive_reddit/,2024-11-25 11:49:29
"MicroStrategy Buys a Further 5,262 BTC as Stock Joins Nasdaq 100",/r/CryptoCurrency/comments/1hknkad/microstrategy_buys_a_further_5262_btc_as_stock/,2024-12-23 21:18:03
BTC price eyes $73K next as Donald Trump endorses right to use Bitcoin,/r/CryptoCurrency/comments/1bc8e2r/btc_price_eyes_73k_next_as_donald_trump_endorses/,2024-03-12 01:11:21
Just a dumb question: Will MicroStrategy be forced to sell their BTC if it goes well below their average purchase price (around 56k at present),/r/CryptoCurrency/comments/1h14cnf/just_a_dumb_question_will_microstrategy_be_forced/,2024-11-27 21:31:05
"The biggest rug-pull in history, coming for BTC or the USD?",/r/CryptoCurrency/comments/1j21uip/the_biggest_rugpull_in_history_coming_for_btc_or/,2025-03-03 05:22:53
BTC fell below 29k - all you need to know [SERIOUS][NO MOONS],/r/CryptoCurrency/comments/158jrst/btc_fell_below_29k_all_you_need_to_know_seriousno/,2023-07-25 03:06:31
"Every time it's the same: BTC pumps a little and you see idiots going ""ImmA gO aLL iN inTo BtC bEcauSe fIaT bAd""",/r/CryptoCurrency/comments/17k0ube/every_time_its_the_same_btc_pumps_a_little_and/,2023-10-31 03:02:06
"Bitcoin Holdings on Exchanges are close to an All-Time Low, only 2.33M BTC left on Exchanges, Indicates Increased demand for Self-Custody, Potentially Reducing the Supply and Increases Buying Pressure",/r/CryptoCurrency/comments/1gt8b4f/bitcoin_holdings_on_exchanges_are_close_to_an/,2024-11-17 15:24:43
"Bitcoin's Clean Energy Usage Tops 50%: Will Tesla Resume BTC Payments Now, Elon?",/r/CryptoCurrency/comments/1horbxc/bitcoins_clean_energy_usage_tops_50_will_tesla/,2024-12-29 15:57:40
Throwback to 2010: Someone Regretting 'Only' Mining 600 Bitcoins - Everyone Thinks They 'Missed the Bus' on Bitcoin (BTC),/r/CryptoCurrency/comments/1i9hicj/throwback_to_2010_someone_regretting_only_mining/,2025-01-25 15:07:01
"A whale sold 1,800 BTC ($106M) 2 hours ago and has been depositing a total of 5,281 BTC ($323M) over the past week.",/r/CryptoCurrency/comments/1duyjep/a_whale_sold_1800_btc_106m_2_hours_ago_and_has/,2024-07-04 12:51:50
"MicroStrategy buys Bitcoin worth $458m, total holdings hit 252,220 BTC",/r/CryptoCurrency/comments/1flep6q/microstrategy_buys_bitcoin_worth_458m_total/,2024-09-20 23:25:35
"US government transfers 4,000 BTC to Coinbase ",/r/CryptoCurrency/comments/1dp5uxl/us_government_transfers_4000_btc_to_coinbase/,2024-06-27 02:32:04
"Ancient Bitcoin Addresses Abruptly Wake Up After Lying Low Since 2009, Move 250 BTC at 8,000,000,000%+ Profit - The Daily Hodl",/r/CryptoCurrency/comments/1fma6is/ancient_bitcoin_addresses_abruptly_wake_up_after/,2024-09-22 02:58:29
"ETH-to-BTC price ratio drops to lowest since March 2021 as bitcoin surpasses $97,700",/r/CryptoCurrency/comments/1gwdpcp/ethtobtc_price_ratio_drops_to_lowest_since_march/,2024-11-21 19:01:53
"Spot Bitcoin ETFs scoop up another 10,600 BTC on day 5",/r/CryptoCurrency/comments/19ahxah/spot_bitcoin_etfs_scoop_up_another_10600_btc_on/,2024-01-19 20:24:06
Lightning hasn‚Äôt fixed BTC,/r/CryptoCurrency/comments/1camx3n/lightning_hasnt_fixed_btc/,2024-04-23 05:41:13
Amount of BTC Held by Bitcoin Spot ETF Companies Has Been Revealed: Here's How Much BlackRock and Others Hold,/r/CryptoCurrency/comments/19dza3l/amount_of_btc_held_by_bitcoin_spot_etf_companies/,2024-01-24 05:17:46
BTC keeps breaking ATH - moons did not even flinch,/r/CryptoCurrency/comments/1goy9l5/btc_keeps_breaking_ath_moons_did_not_even_flinch/,2024-11-12 01:49:11
"Solo Bitcoin miner wins the 3.125 BTC lottery, solving valid block",/r/CryptoCurrency/comments/1cg6i8g/solo_bitcoin_miner_wins_the_3125_btc_lottery/,2024-04-30 02:29:55
The Bitcoin Halving Is 19 Days Away ‚Äî How Did BTC Perform In Past Cycles?,/r/CryptoCurrency/comments/1bt3htz/the_bitcoin_halving_is_19_days_away_how_did_btc/,2024-04-01 21:18:00
"Charlie Munger that called BTC ""rat poison"" passed away last week. BTC then proceeded to flip is company Berkshire Hathaway's market cap yesterday.",/r/CryptoCurrency/comments/18bnqfo/charlie_munger_that_called_btc_rat_poison_passed/,2023-12-06 06:02:44
"World Liberty Financial ""Secretly"" Accumulated $47M in Bitcoin (BTC) and $100M+ in Ethereum (ETH)",/r/CryptoCurrency/comments/1i6072q/world_liberty_financial_secretly_accumulated_47m/,2025-01-21 04:30:24
Bitcoin (BTC) This Week - Hide The Pain,/r/CryptoCurrency/comments/1j7ejrj/bitcoin_btc_this_week_hide_the_pain/,2025-03-10 02:49:46
"The Bitcoin 4-Year Cycle Strikes Again: This 2019 Hot Take on BTC At $3,800k Aged Like Milk",/r/CryptoCurrency/comments/1hg4tlg/the_bitcoin_4year_cycle_strikes_again_this_2019/,2024-12-17 14:41:46
BTC pumps on 90-day tariff pause,/r/CryptoCurrency/comments/1jvce9r/btc_pumps_on_90day_tariff_pause/,2025-04-10 02:03:54
Throwback to 2012 when Coinbase gave you 0.1 BTC (Worth $1.2) just for referring people,/r/CryptoCurrency/comments/1619xpd/throwback_to_2012_when_coinbase_gave_you_01_btc/,2023-08-26 04:17:21
BTC ETF Approval - Will BTC skyrocket or go up slowly?,/r/CryptoCurrency/comments/190dglf/btc_etf_approval_will_btc_skyrocket_or_go_up/,2024-01-07 07:27:44
Bitcoin miners struggle despite BTC‚Äôs 130% surge in 2024,/r/CryptoCurrency/comments/1hlxp2n/bitcoin_miners_struggle_despite_btcs_130_surge_in/,2024-12-25 17:35:36
"I'm going to convert MY ENTIRE WEALTH into BTC, ETH and other hard assets.",/r/CryptoCurrency/comments/17jz1il/im_going_to_convert_my_entire_wealth_into_btc_eth/,2023-10-31 01:42:11
Bitcoin Has 32 Halvings in Total and We Have Only Experienced 4 So Far! BTC Is so Young!,/r/CryptoCurrency/comments/1h9e98z/bitcoin_has_32_halvings_in_total_and_we_have_only/,2024-12-08 16:15:40
"Google Web3 Lead: ""We're Working to Improve Bitcoin Wallets - Users Will Log in with Google & Trade BTC""",/r/CryptoCurrency/comments/1is9n8l/google_web3_lead_were_working_to_improve_bitcoin/,2025-02-18 18:25:03
ETH/BTC has fallen beneath .03 for the first time since March 2021. A fall of 66% from it's Dec 2021 high of .088,/r/CryptoCurrency/comments/1id959c/ethbtc_has_fallen_beneath_03_for_the_first_time/,2025-01-30 08:22:09
"Ancient Bitcoin Wallet Awakens After Hibernating for 14+ Years, Moves $3,387,175 in BTC at 169,358,650% Profit - The Daily Hodl",/r/CryptoCurrency/comments/1gcvx45/ancient_bitcoin_wallet_awakens_after_hibernating/,2024-10-27 05:54:10
U.S. creates BTC strategic reserve and U.S. Digital asset stockpile(alts),/r/CryptoCurrency/comments/1j5awei/us_creates_btc_strategic_reserve_and_us_digital/,2025-03-07 08:39:21
"Bitcoin has followed a consistent 4-year cycle For the Past 14 Years, Based on this pattern, we‚Äôre now at the beginning of an exponential growth phase.",/r/CryptoCurrency/comments/1gqafju/bitcoin_has_followed_a_consistent_4year_cycle_for/,2024-11-13 19:04:46
"Michael Saylor urges Trump to buy 5M Bitcoin: ""We can generate $80T and pay off the national debt""",/r/CryptoCurrency/comments/1iukz6n/michael_saylor_urges_trump_to_buy_5m_bitcoin_we/,2025-02-21 15:02:39
Trump‚Äôs White House return wipes out nearly 20% of Bitcoin millionaires,/r/CryptoCurrency/comments/1jhz08e/trumps_white_house_return_wipes_out_nearly_20_of/,2025-03-23 21:15:03
"Bitcoin price: $30,000. Winning ‚ú®",/r/CryptoCurrency/comments/1j2grhn/bitcoin_price_30000_winning/,2025-03-03 19:39:41
On February 9th 2011 Bitcoin first touched $1. Less than 14 years later Bitcoin has surpassed $100k. An increase of 10 Million percent. ,/r/CryptoCurrency/comments/1h6yoqp/on_february_9th_2011_bitcoin_first_touched_1_less/,2024-12-05 10:39:33
Explaining Bitcoin 12 Years Ago When It Was Worth Below $100‚ÄîTo an Empty Room,/r/CryptoCurrency/comments/1ik2qgu/explaining_bitcoin_12_years_ago_when_it_was_worth/,2025-02-08 03:00:56
"This Anonymous guy received $50 worth of Bitcoin back in 2012, HODLed through 13 Majestic Years, sold them for $1M in 2024 at $100k.",/r/CryptoCurrency/comments/1hbsf6a/this_anonymous_guy_received_50_worth_of_bitcoin/,2024-12-11 20:32:03
Trump does not understand Bitcoin,/r/CryptoCurrency/comments/1j6vunj/trump_does_not_understand_bitcoin/,2025-03-09 08:58:34
"Man narrows landfill search for $771 million Bitcoin hard drive with ""finely tuned"" plan",/r/CryptoCurrency/comments/1h7i6m7/man_narrows_landfill_search_for_771_million/,2024-12-06 03:57:18
"$1.47B liquidated from the Crypto Market in last 24hrs as Bitcoin dips $94k, alts go into free fall",/r/CryptoCurrency/comments/1hakwnp/147b_liquidated_from_the_crypto_market_in_last/,2024-12-10 05:27:14
Bitcoins Officially Hits $100.000 For The First Time Ever,/r/CryptoCurrency/comments/1h6yyus/bitcoins_officially_hits_100000_for_the_first/,2024-12-05 10:53:09
"El Salvador‚Äôs Bitcoin holdings reached $531 million, gaining $263 million in unrealized profit, President Nayib Bukele says ‚ÄúI told you so‚Äù.",/r/CryptoCurrency/comments/1gpg0s3/el_salvadors_bitcoin_holdings_reached_531_million/,2024-11-12 16:16:10
Woman accidentally bins ¬£3m Bitcoin fortune in 'worst mistake ever',/r/CryptoCurrency/comments/1jns90a/woman_accidentally_bins_3m_bitcoin_fortune_in/,2025-03-31 09:42:04
Bitcoin Maxis in shambles right now,/r/CryptoCurrency/comments/1i5e6pi/bitcoin_maxis_in_shambles_right_now/,2025-01-20 08:57:26
Bitcoin‚Äôs Plunge Below $100K Wipes Out a Single Whale for $100M,/r/CryptoCurrency/comments/1ib1ug4/bitcoins_plunge_below_100k_wipes_out_a_single/,2025-01-27 14:36:19
Solo Miner Mined a Block of Bitcoin On a $299 Device,/r/CryptoCurrency/comments/1j91srp/solo_miner_mined_a_block_of_bitcoin_on_a_299/,2025-03-12 05:12:18
"After 12 years of unsuccessful attempts, the man who lost his hard drive containing 742 million dollars in Bitcoin is forced to give up",/r/CryptoCurrency/comments/1i6rrap/after_12_years_of_unsuccessful_attempts_the_man/,2025-01-22 04:02:03
"Jim Cramer says: ‚ÄúAll I can tell you is own Bitcoin, that‚Äôs a winner‚Äù",/r/CryptoCurrency/comments/1gxab67/jim_cramer_says_all_i_can_tell_you_is_own_bitcoin/,2024-11-22 23:24:37
Bitcoin is just 2% away from breaking its all-time high,/r/CryptoCurrency/comments/1gf281v/bitcoin_is_just_2_away_from_breaking_its_alltime/,2024-10-30 02:49:41
"Bitcoin dips below $100,000, memecoins plummet as market responds to US tariffs",/r/CryptoCurrency/comments/1ig47aw/bitcoin_dips_below_100000_memecoins_plummet_as/,2025-02-03 02:41:46
Satoshi Bitcoin wallets now worth over $100 billion making Top 20 richest people,/r/CryptoCurrency/comments/1gr4lt7/satoshi_bitcoin_wallets_now_worth_over_100/,2024-11-14 21:20:30
This website gave away 5 free Bitcoin to everyone who completed a simple CAPTCHA back in 2010.,/r/CryptoCurrency/comments/1hrm09b/this_website_gave_away_5_free_bitcoin_to_everyone/,2025-01-02 12:52:09
Bitcoin spot ETF finally approved,/r/CryptoCurrency/comments/193inem/bitcoin_spot_etf_finally_approved/,2024-01-11 04:44:59
"President Trump Declares End to Biden‚Äôs Crypto War, Pledges US Bitcoin Dominance",/r/CryptoCurrency/comments/1iw1d85/president_trump_declares_end_to_bidens_crypto_war/,2025-02-23 11:57:35
Saylor vows to destroy Bitcoin keys upon death as a gift to global holders,/r/CryptoCurrency/comments/1hu7odc/saylor_vows_to_destroy_bitcoin_keys_upon_death_as/,2025-01-05 22:02:22
"Elon bragging about his ""diamond hands,"" exactly 3 years ago. He's since sold $2 billion worth of Bitcoin üíÄ",/r/CryptoCurrency/comments/1cvlsvn/elon_bragging_about_his_diamond_hands_exactly_3/,2024-05-19 19:07:08
‚ÄòIt Begins‚Äô‚ÄîBitcoin And Crypto Brace For $80 Trillion U.S. Price Bombshell,/r/CryptoCurrency/comments/1ivp0s0/it_beginsbitcoin_and_crypto_brace_for_80_trillion/,2025-02-23 02:10:28
Man who begged everyone to buy just $1 of Bitcoin in 2013 revealed what his life looks like now,/r/CryptoCurrency/comments/1ez5xvq/man_who_begged_everyone_to_buy_just_1_of_bitcoin/,2024-08-23 14:37:13
"This guy got kicked off Kraken for saying I might invest more than 10% in Bitcoin this year, UK Government trying to keep its citizens poor.",/r/CryptoCurrency/comments/1htexdp/this_guy_got_kicked_off_kraken_for_saying_i_might/,2025-01-04 21:59:37
Bitcoin price drops below $80K as stocks face 1987 Black Monday rerun,/r/CryptoCurrency/comments/1jt19it/bitcoin_price_drops_below_80k_as_stocks_face_1987/,2025-04-07 02:44:51
Imagine selling 100 Bitcoins today...,/r/CryptoCurrency/comments/1hqtftw/imagine_selling_100_bitcoins_today/,2025-01-01 10:08:02
"Bitcoin Nears $98,000, Just 2% Away From Six Figures¬†",/r/CryptoCurrency/comments/1gw8rbl/bitcoin_nears_98000_just_2_away_from_six_figures/,2024-11-21 13:16:57
Ripple Accused of Lobbying Against Bitcoin to Secure XRP's Place in US Federal Crypto Reserve,/r/CryptoCurrency/comments/1id5giy/ripple_accused_of_lobbying_against_bitcoin_to/,2025-01-30 05:40:41
Google Removes Bitcoin and Crypto Price Charts from Search,/r/CryptoCurrency/comments/1g3g46u/google_removes_bitcoin_and_crypto_price_charts/,2024-10-14 21:45:01
"Coinbase CEO on Bitcoin and crypto, exactly 10 years ago ‚ú®",/r/CryptoCurrency/comments/1ix06dd/coinbase_ceo_on_bitcoin_and_crypto_exactly_10/,2025-02-24 19:46:09
Was that the Last chance to buy Bitcoin under $100k?,/r/CryptoCurrency/comments/1hf7f0a/was_that_the_last_chance_to_buy_bitcoin_under_100k/,2024-12-16 09:06:06
Michael Saylor now owns more Bitcoin than the United States and China combined.,/r/CryptoCurrency/comments/1jc8c3g/michael_saylor_now_owns_more_bitcoin_than_the/,2025-03-16 07:40:08
Donald Trump‚Äôs Cryptocurrency Advisory Council is Expected to Establish the Promised US Bitcoin Strategic Reserve,/r/CryptoCurrency/comments/1gxycla/donald_trumps_cryptocurrency_advisory_council_is/,2024-11-23 20:16:01
"Reddit user found Old Wallet with 1.85 Bitcoins which his friend traded for Audi back in 2016/2017, completely forgotten about it for 7 years.",/r/CryptoCurrency/comments/1hqo4jv/reddit_user_found_old_wallet_with_185_bitcoins/,2025-01-01 05:10:41
Jack Mallers: Ripple Is Spending Millions to Undermine Strategic Bitcoin Reserve,/r/CryptoCurrency/comments/1iab6cz/jack_mallers_ripple_is_spending_millions_to/,2025-01-26 18:28:08
I hope people can see whats happening with US based cryptos and Bitcoin,/r/CryptoCurrency/comments/1h2vzcp/i_hope_people_can_see_whats_happening_with_us/,2024-11-30 05:11:55
Bitcoin ATMs are being installed in all Costco stores across the US,/r/CryptoCurrency/comments/1iij6d7/bitcoin_atms_are_being_installed_in_all_costco/,2025-02-06 03:57:19
"This developer lost access to $240M in Bitcoin after forgetting his password, after using 8 out of 10 attempts to unlock his IronKey wallet, he faces the possibility of never recovering it.",/r/CryptoCurrency/comments/1jnaucn/this_developer_lost_access_to_240m_in_bitcoin/,2025-03-30 19:56:28
"Mark Cuban saying he'd buy bananas over Bitcoin, 5 years ago. Bitcoin is up 6x since üíÄ",/r/CryptoCurrency/comments/1fvyalo/mark_cuban_saying_hed_buy_bananas_over_bitcoin_5/,2024-10-04 20:46:59
Ethereum just hit a brand new 3.5 year low against Bitcoin. ,/r/CryptoCurrency/comments/1greczo/ethereum_just_hit_a_brand_new_35_year_low_against/,2024-11-15 04:27:07
"5 years ago today, the world's worst bandits broke into this Bitcoin ATM and left empty-handed. They were trying to ""get the coins out"" üíÄ",/r/CryptoCurrency/comments/1j5rhgv/5_years_ago_today_the_worlds_worst_bandits_broke/,2025-03-07 23:48:45
Elon Musk's Tesla Just Moved $765 Million in Bitcoin to Unknown Wallets,/r/CryptoCurrency/comments/1g4ljdv/elon_musks_tesla_just_moved_765_million_in/,2024-10-16 07:27:55
"Bitcoin price breaks $69,000",/r/CryptoCurrency/comments/1b77da1/bitcoin_price_breaks_69000/,2024-03-05 23:05:32
"13 years ago today, a $110 million Bitcoin mistake ‚ú®",/r/CryptoCurrency/comments/1cta3pi/13_years_ago_today_a_110_million_bitcoin_mistake/,2024-05-16 18:52:39
Bitcoin is the king‚Ä¶,/r/CryptoCurrency/comments/1hwojs0/bitcoin_is_the_king/,2025-01-09 00:43:32
Bitcoin Pumps and then dumps after the SEC Twitter account is compromised and posts a fake announcement saying a spot ETF was approved.,/r/CryptoCurrency/comments/192qh06/bitcoin_pumps_and_then_dumps_after_the_sec/,2024-01-10 05:40:03
"Bitcoin will hit $13 million in 20 years, predicts Saylor at digital asset summit",/r/CryptoCurrency/comments/1jfsxuw/bitcoin_will_hit_13_million_in_20_years_predicts/,2025-03-21 00:29:00
Bitcoin is Still Misunderstood,/r/CryptoCurrency/comments/1jk0di6/bitcoin_is_still_misunderstood/,2025-03-26 09:33:07
Trump Confirms Bitcoin Reserve Plans‚Äî$15 Trillion Price Boom Predicted,/r/CryptoCurrency/comments/1heezpq/trump_confirms_bitcoin_reserve_plans15_trillion/,2024-12-15 07:03:24
"If Bitcoin becomes centralized to just a few American companies, then what's the point?",/r/CryptoCurrency/comments/1jp56f1/if_bitcoin_becomes_centralized_to_just_a_few/,2025-04-02 03:58:07
"Why Bitcoin's Rally Is Stalling Below $100,000 ",/r/CryptoCurrency/comments/1gzk4va/why_bitcoins_rally_is_stalling_below_100000/,2024-11-25 22:31:57
Trump signs executive order to establish strategic bitcoin reserve,/r/CryptoCurrency/comments/1j5aemz/trump_signs_executive_order_to_establish/,2025-03-07 08:15:26
Bitcoin sudden drop to $93K wipes out $303M of longs within minutes,/r/CryptoCurrency/comments/1h7pq5l/bitcoin_sudden_drop_to_93k_wipes_out_303m_of/,2024-12-06 09:30:51
Bitcoin Reaches A New All-Time High At $75K,/r/CryptoCurrency/comments/1gkvrb5/bitcoin_reaches_a_new_alltime_high_at_75k/,2024-11-06 18:50:15
Mining Bitcoin is gambling with extra steps,/r/CryptoCurrency/comments/1izj2kr/mining_bitcoin_is_gambling_with_extra_steps/,2025-02-27 23:58:39
Michael Saylor: Only One Nation Can Buy 20% of Bitcoin's Supply And I Bet It's the U.S.,/r/CryptoCurrency/comments/1iu5j4h/michael_saylor_only_one_nation_can_buy_20_of/,2025-02-21 02:29:16
Lost Fortune: Landfill Containing $750M in Bitcoin to Be Sealed Forever,/r/CryptoCurrency/comments/1ilv0uz/lost_fortune_landfill_containing_750m_in_bitcoin/,2025-02-10 09:47:09
Trump meets with Crypto.com CEO to discuss Bitcoin reserve and crypto appointments,/r/CryptoCurrency/comments/1hhot26/trump_meets_with_cryptocom_ceo_to_discuss_bitcoin/,2024-12-19 16:57:51
Bitcoin Pushes Through $60K for First Time Since November 2021 ,/r/CryptoCurrency/comments/1b266pu/bitcoin_pushes_through_60k_for_first_time_since/,2024-02-28 21:34:33
Crypto Tsar David Sacks: A Bitcoin Reserve Is ‚ÄòOne of the First Things‚Äô on My Agenda,/r/CryptoCurrency/comments/1ihriy9/crypto_tsar_david_sacks_a_bitcoin_reserve_is_one/,2025-02-05 04:26:31
"Eminem's Unreleased Songs Sold for $50K in Bitcoin, Ex-Engineer Charged",/r/CryptoCurrency/comments/1jh4q6r/eminems_unreleased_songs_sold_for_50k_in_bitcoin/,2025-03-22 17:31:47
Been buying bitcoin every month for 76 months now,/r/CryptoCurrency/comments/1acb8hq/been_buying_bitcoin_every_month_for_76_months_now/,2024-01-27 21:49:54
"A week after Bitcoin went live in 2009, Hal Finney predicted each bitcoin a value of about $10 Million.",/r/CryptoCurrency/comments/1hksog6/a_week_after_bitcoin_went_live_in_2009_hal_finney/,2024-12-24 01:25:53
"Crypto crash wipes out $1.7 billion in leveraged positions, Bitcoin plunges toward $94,000",/r/CryptoCurrency/comments/1hb2iqs/crypto_crash_wipes_out_17_billion_in_leveraged/,2024-12-10 22:06:50
"Goldbug Peter Schiff, Who's Been Short Bitcoin Since $0.25, Just Backed a Strategic Reserve - Hell Has Frozen Over",/r/CryptoCurrency/comments/1j1zl88/goldbug_peter_schiff_whos_been_short_bitcoin/,2025-03-03 03:48:18
Man who urged people to buy $1 of Bitcoin in 2013 now lives an incredible life,/r/CryptoCurrency/comments/185gryh/man_who_urged_people_to_buy_1_of_bitcoin_in_2013/,2023-11-28 07:08:45
This Man Sold His House for Bitcoin in 2017‚ÄîNow He Can Buy 25 Homes,/r/CryptoCurrency/comments/1hiflwd/this_man_sold_his_house_for_bitcoin_in_2017now_he/,2024-12-20 16:43:29
"Satoshi Nakamoto Still Holding $107,071,037,496 Worth of Bitcoin in Thousands of Wallets: Arkham",/r/CryptoCurrency/comments/1ij1nxs/satoshi_nakamoto_still_holding_107071037496_worth/,2025-02-06 20:44:06
Satoshi Nakamoto Will ‚ÄòErase‚Äô Bitcoin‚ÄîJPMorgan CEO Issues Wild Crypto Warning After Huge Price Pump,/r/CryptoCurrency/comments/19cjvhc/satoshi_nakamoto_will_erase_bitcoinjpmorgan_ceo/,2024-01-22 09:35:52
"Switzerland unveils statue honoring Satoshi Nakamoto, the creator of Bitcoin. ",/r/CryptoCurrency/comments/1gc8jfp/switzerland_unveils_statue_honoring_satoshi/,2024-10-26 08:06:47
"BlackRock Closes the Door on Altcoins: ""Only Bitcoin and Ethereum!""",/r/CryptoCurrency/comments/1hdj61y/blackrock_closes_the_door_on_altcoins_only/,2024-12-14 02:45:36
"Bitcoin is now worth over $34,500 ‚Äì but will it hold?",/r/CryptoCurrency/comments/17g8i7g/bitcoin_is_now_worth_over_34500_but_will_it_hold/,2023-10-26 00:16:18
"Bitcoin reached $69,420 today.",/r/CryptoCurrency/comments/1b9r54e/bitcoin_reached_69420_today/,2024-03-08 23:45:16
‚ÄòThis Needs To Stop‚Äô‚ÄîTesla Billionaire Elon Musk Issues ‚ÄòStaggering‚Äô Fed ‚ÄòBankruptcy‚Äô Warning After Sparking Bitcoin Price Panic,/r/CryptoCurrency/comments/1g7xzil/this_needs_to_stoptesla_billionaire_elon_musk/,2024-10-20 20:51:46
"Fed Chair Jerome Powell says ""we're not allowed to own Bitcoin"".",/r/CryptoCurrency/comments/1hhbdry/fed_chair_jerome_powell_says_were_not_allowed_to/,2024-12-19 04:49:10
Tether CEO: ‚ÄúOne day USDT will be useless. The world will only use Bitcoin.‚Äù,/r/CryptoCurrency/comments/1j10yve/tether_ceo_one_day_usdt_will_be_useless_the_world/,2025-03-01 22:44:02
Only Less Than 1.2 Million Bitcoin Left to Mine - The Countdown to Absolute Scarcity Begins,/r/CryptoCurrency/comments/1hnpc70/only_less_than_12_million_bitcoin_left_to_mine/,2024-12-28 05:23:29
"Bitcoin To $200,000, Ethereum To $10,000 And Crypto Market Cap To 4X By End Of 2025, Says Standard Chartered",/r/CryptoCurrency/comments/1gnqtde/bitcoin_to_200000_ethereum_to_10000_and_crypto/,2024-11-10 10:47:46
Current Bitcoin Sentiment,/r/CryptoCurrency/comments/1jm5e9b/current_bitcoin_sentiment/,2025-03-29 04:54:50
‚ú® Bitcoin price: $3. He missed 2.3 million % gains üíÄ,/r/CryptoCurrency/comments/1g9f6s7/bitcoin_price_3_he_missed_23_million_gains/,2024-10-22 18:48:45
"The U.S. Department of Justice prepares to sell over 69,000 bitcoins",/r/CryptoCurrency/comments/1hx8a0y/the_us_department_of_justice_prepares_to_sell/,2025-01-09 16:21:49
MicroStrategy admits it might need to sell bitcoin by 2026,/r/CryptoCurrency/comments/1jw42ak/microstrategy_admits_it_might_need_to_sell/,2025-04-11 01:49:07
Ethereum hits multi-year low against Bitcoin erasing all gains since 2021,/r/CryptoCurrency/comments/1ge2510/ethereum_hits_multiyear_low_against_bitcoin/,2024-10-28 21:32:52
Man who binned ¬£1.5BN Bitcoin drive launches legal fight to dig dump,/r/CryptoCurrency/comments/1bggl98/man_who_binned_15bn_bitcoin_drive_launches_legal/,2024-03-17 05:27:17
"Bitcoin Breaks Above $65,000",/r/CryptoCurrency/comments/1b67kgv/bitcoin_breaks_above_65000/,2024-03-04 18:17:59
Bitcoin price: $55k. Winning üß°,/r/CryptoCurrency/comments/1jltmqt/bitcoin_price_55k_winning/,2025-03-28 20:13:33
US Government Preparing to Sell Gold to Buy More Bitcoin for Strategic Reserve,/r/CryptoCurrency/comments/1jh7fuz/us_government_preparing_to_sell_gold_to_buy_more/,2025-03-22 20:34:20
Bitcoin price: $8. Legend üî•,/r/CryptoCurrency/comments/1d38qml/bitcoin_price_8_legend/,2024-05-29 18:15:58
Today is the 16th anniversary of the day Satoshi Nakamoto launched Bitcoin,/r/CryptoCurrency/comments/1hsejq1/today_is_the_16th_anniversary_of_the_day_satoshi/,2025-01-03 12:53:33
$5.34 Billion in Bitcoin Withdrawn from Exchanges in 72 Hours,/r/CryptoCurrency/comments/1h49v9m/534_billion_in_bitcoin_withdrawn_from_exchanges/,2024-12-02 02:30:39
"Bitcoin pullback mirrors 2020 reversal 250 days post-halving, it then rose 140%",/r/CryptoCurrency/comments/1hihn7v/bitcoin_pullback_mirrors_2020_reversal_250_days/,2024-12-20 19:16:05
Michael Saylor Hints US Will Buy 1 Million Bitcoin For Strategic Reserve,/r/CryptoCurrency/comments/1j4zjzp/michael_saylor_hints_us_will_buy_1_million/,2025-03-07 00:34:33
The car is temporary - Bitcoin is forever,/r/CryptoCurrency/comments/1h9gcy2/the_car_is_temporary_bitcoin_is_forever/,2024-12-08 18:48:52
"Trump's bitcoin reserve executive order hailed as 'huge moment' by some, dismissed as 'pig in lipstick' by others",/r/CryptoCurrency/comments/1j5tvyd/trumps_bitcoin_reserve_executive_order_hailed_as/,2025-03-08 01:12:10
BlackRock CEO Issues Serious Warning Amid $1 Trillion Bitcoin And Crypto Price Sell-Off,/r/CryptoCurrency/comments/1j8x2pj/blackrock_ceo_issues_serious_warning_amid_1/,2025-03-12 01:58:50
Donald Trump's 'Made in USA' Bitcoin is promise impossible to keep,/r/CryptoCurrency/comments/1hnsu4f/donald_trumps_made_in_usa_bitcoin_is_promise/,2024-12-28 08:03:43
"""Bitcoin is going to zero soon""",/r/CryptoCurrency/comments/1isjvje/bitcoin_is_going_to_zero_soon/,2025-02-19 02:34:53
All roads eventually lead to Bitcoin,/r/CryptoCurrency/comments/1huderx/all_roads_eventually_lead_to_bitcoin/,2025-01-06 02:23:00
"Bitcoin sign spotted: November 20, 2021. They were wrong üíÄ",/r/CryptoCurrency/comments/1gvn3n8/bitcoin_sign_spotted_november_20_2021_they_were/,2024-11-20 19:11:58
Ripple is the biggest obstacle for a Strategic Bitcoin Reserve in the US.,/r/CryptoCurrency/comments/1i8c6wh/ripple_is_the_biggest_obstacle_for_a_strategic/,2025-01-24 03:49:19
Kraken Bitcoin Halving Giveaway Competition,/r/CryptoCurrency/comments/1c68xkc/kraken_bitcoin_halving_giveaway_competition/,2024-04-17 20:47:01
